Workbook

Sheet CompleteList
C3: Total Interest Collected | D3: =SUM(D7:D18) -> 59750
C4: Total Outstanding Interest | D4: =SUM(E7:E18) -> -51550
C6: Loanee | D6: Interest Collected | E6: Outstanding Interest
B7: 1 | C7: Rambhabati | D7: =Ramabhati!D2 -> 37450 | E7: =Ramabhati!D3 -> -30050
B8: 2 | C8: Sunanda | D8: =Sunanda!D2 -> 9500 | E8: =Sunanda!D3 -> -20500
B9: 3 | C9: Nanao | D9: =Nanao!D2 -> 800
B10: 4 | C10: Priyadarshini | D10: =priyadarsini!D2 -> 8000 | E10: =priyadarsini!F7 -> -1000
B11: 5 | C11: Naoton | D11: =naoton!D2 -> 0 | E11: =naoton!D3 -> 0
C12: Anand | D12: =anand!D2 -> 4000 | E12: =anand!D3 -> 0

Sheet Ramabhati
C2: Total Interest Collected | D2: =SUM(C5:C22) -> 37450
C3: Total Outstanding Interest | D3: =SUM(D5:D13) -> -30050
B4: Date | C4: 2.5% Interest for Rs 300000 = 7500 | D4: Outstanding Interest
B5: 45915 | C5: 7500 | D5: =C5-7500 -> 0
B6: 45945 | C6: 7500 | D6: =C6-7500 -> 0
B7: 45976 | C7: 7500 | D7: =C7-7500 -> 0
B8: 46006 | C8: 0 | D8: =C8-7500 -> -7500
B9: 46037 | C9: 0 | D9: =C9-7500 -> -7500
B10: 46068 | C10: 7500 | D10: =C10-7500 -> 0
B11: 46096 | C11: 3550 | D11: =C11-7500 -> -3950
B12: 46127 | C12: 0 | D12: =C12-7500 -> -7500
B13: 46157 | C13: 3900 | D13: =C13-7500 -> -3600
B14: 46188
B15: 46218
B16: 46249
B17: 46280
B18: 46310
B19: 46341
B20: 46371
B21: 46402
B22: 46433

Sheet Sunanda
C2: Total Interest Collected | D2: =SUM(C5:C22) -> 9500
C3: Total Outstanding Interest | D3: =SUM(D5:D24) -> -20500
B4: Date | C4: 2.5% Interest for Rs 120000 = 3000 | D4: Outstanding Interest
B5: 45915 | C5: =500*2 -> 1000 | D5: =C5-3000 -> -2000
B6: 45945 | C6: =500*9 -> 4500 | D6: =C6-3000 -> 1500
B7: 45976 | C7: =500*3 -> 1500 | D7: =C7-3000 -> -1500
B8: 46006 | C8: =500*2 -> 1000 | D8: =C8-3000 -> -2000
B9: 46037 | C9: 0 | D9: =C9-3000 -> -3000
B10: 46068 | C10: 0 | D10: =C10-3000 -> -3000
B11: 46096 | C11: 0 | D11: =C11-3000 -> -3000
B12: 46127 | C12: 500 | D12: =C12-3000 -> -2500
B13: 46157 | C13: 500 | D13: =C13-3000 -> -2500
B14: 46188 | C14: 500 | D14: =C14-3000 -> -2500
B15: 46218
B16: 46249
B17: 46280
B18: 46310
B19: 46341
B20: 46371
B21: 46402
B22: 46433

Sheet Nanao
C2: Total Interest Collected | D2: =SUM(C4:C21) -> 800
B3: Date | C3: Interest | D3: Details
B4: 46127 | C4: 400
B5: 46157 | C5: 400

Sheet priyadarsini
C2: Total Interest Collected | D2: =SUM(E5:E13) -> 8000
C3: Total Outstanding Interest | D3: =SUM(F5:F13) -> -1000
B4: Date | C4: Interest | D4: Benao | E4: Tungfam | F4: Outstanding Interest
B5: 46096 | C5: 6000 | D5: 3000 | E5: 3000 | F5: =C5-6000 -> 0
B6: 46127 | C6: 6000 | D6: 3000 | E6: 3000 | F6: =C6-6000 -> 0
B7: 46157 | C7: 5000 | D7: 3000 | E7: 2000 | F7: =C7-6000 -> -1000
B8: 46188
B9: 46218
B10: 46249

Sheet anand
C2: Total Interest Collected | D2: =SUM(E5:E29) -> 4000
C3: Total Outstanding Interest | D3: =SUM(F5:F29) -> 0
B4: Date | C4: Interest | D4: Benao | E4: Tungfam | F4: Outstg Interest
B5: 46096 | C5: 7000 | D5: 6000 | E5: 1000
B6: 46127 | C6: 7000 | D6: 6000 | E6: 1000
B7: 46157 | C7: 7000 | D7: 6000 | E7: 1000
B8: 46191 | C8: 7000 | D8: 6000 | E8: 1000
B9: 46218
B10: 46249

Sheet naoton
C2: Total Interest Collected | D2: =SUM(C5:C20) -> 0
C3: Total Outstanding Interest | D3: =SUM(D5:D20) -> 0
B4: Date | C4: Interest | D4: Outstanding Interest
B5: 46188
B6: 46218
B7: 46249
